feature,mae
win_rate,1.1758234605988547
average_roi,1.1748267692776264
rough_pnl,1.153081919330291
wallet_trade_size_deviation,1.1519299074134235
relative_time,1.1517406140842725
BASELINE,1.1512744832567898
trade_size_ratio,1.1449402610924262
price_change,1.141504623514669
average_hold_duration,1.1404137718204448
liquidity_ratio,1.1304347844740346
