feature,mae
win_rate,1.1841990872739565
average_roi,1.1793428358164224
rough_pnl,1.1600715594327835
relative_time,1.1584294161425153
wallet_trade_size_deviation,1.1582919440762351
BASELINE,1.1577727822788808
trade_size_ratio,1.1497899918970191
average_hold_duration,1.1486323042355284
price_change,1.1474252231056545
liquidity_ratio,1.1329313995380468
