feature,mae
win_rate,1.1900162234684366
average_roi,1.1837773809081231
rough_pnl,1.1672973774607223
relative_time,1.1657282365852206
wallet_trade_size_deviation,1.1656548920064633
BASELINE,1.1650446515199495
trade_size_ratio,1.1595470964258374
average_hold_duration,1.1552868462294394
price_change,1.1551106678807017
liquidity_ratio,1.14313037457617
